{"cameraMode":{"drawMode":0,"name":"Shaded","section":"Shading Mode"},"sceneLighting":false,"audioPlay":false,"sceneViewState":{"m_AlwaysRefresh":false,"showFog":true,"showSkybox":false,"showFlares":true,"showImageEffects":true,"showParticleSystems":true,"showVisualEffectGraphs":true,"m_FxEnabled":false},"in2DMode":false,"pivot":{"x":-0.0001575946807861328,"y":0.38036632537841799,"z":-0.0018940307199954987},"rotation":{"x":0.035581499338150027,"y":0.9643243551254273,"z":-0.17846639454364777,"w":0.19226384162902833},"size":0.4849144220352173,"orthographic":false}