{"cameraMode":{"drawMode":0,"name":"Shaded","section":"Shading Mode"},"sceneLighting":false,"audioPlay":false,"sceneViewState":{"m_AlwaysRefresh":false,"showFog":true,"showSkybox":false,"showFlares":true,"showImageEffects":true,"showParticleSystems":true,"showVisualEffectGraphs":true,"m_FxEnabled":false},"in2DMode":false,"pivot":{"x":-0.00010995566844940186,"y":0.17771658301353455,"z":-2.9802322387695315e-8},"rotation":{"x":0.023815976455807687,"y":0.9416173696517944,"z":-0.3288510739803314,"w":0.06819413602352143},"size":0.32369524240493777,"orthographic":false}