{"cameraMode":{"drawMode":0,"name":"Shaded","section":"Shading Mode"},"sceneLighting":false,"audioPlay":false,"sceneViewState":{"m_AlwaysRefresh":false,"showFog":true,"showSkybox":false,"showFlares":true,"showImageEffects":true,"showParticleSystems":true,"showVisualEffectGraphs":true,"m_FxEnabled":false},"in2DMode":false,"pivot":{"x":0.0000543445348739624,"y":-0.019552268087863923,"z":0.008350104093551636},"rotation":{"x":0.21412459015846253,"y":0.6259927153587341,"z":-0.18441995978355409,"w":0.726826548576355},"size":0.2447609156370163,"orthographic":false}