{"cameraMode":{"drawMode":0,"name":"Shaded","section":"Shading Mode"},"sceneLighting":false,"audioPlay":false,"sceneViewState":{"m_AlwaysRefresh":false,"showFog":true,"showSkybox":false,"showFlares":true,"showImageEffects":true,"showParticleSystems":true,"showVisualEffectGraphs":true,"m_FxEnabled":false},"in2DMode":false,"pivot":{"x":0.00032845139503479004,"y":0.06823736429214478,"z":-0.0005085468292236328},"rotation":{"x":0.21412459015846253,"y":0.6259927153587341,"z":-0.18441995978355409,"w":0.726826548576355},"size":0.24892233312129975,"orthographic":false}