{"cameraMode":{"drawMode":0,"name":"Shaded","section":"Shading Mode"},"sceneLighting":false,"audioPlay":false,"sceneViewState":{"m_AlwaysRefresh":false,"showFog":true,"showSkybox":false,"showFlares":true,"showImageEffects":true,"showParticleSystems":true,"showVisualEffectGraphs":true,"m_FxEnabled":false},"in2DMode":false,"pivot":{"x":-0.00004807114601135254,"y":0.30460113286972048,"z":0.0007130205631256104},"rotation":{"x":-0.04417358711361885,"y":-0.7682496905326843,"z":0.053324487060308459,"w":-0.6363969445228577},"size":0.43481776118278506,"orthographic":false}