{"cameraMode":{"drawMode":0,"name":"Shaded","section":"Shading Mode"},"sceneLighting":false,"audioPlay":false,"sceneViewState":{"m_AlwaysRefresh":false,"showFog":true,"showSkybox":false,"showFlares":true,"showImageEffects":true,"showParticleSystems":true,"showVisualEffectGraphs":true,"m_FxEnabled":false},"in2DMode":false,"pivot":{"x":5.960464477539063e-8,"y":0.87955641746521,"z":0.1446736454963684},"rotation":{"x":0.0012849199119955302,"y":0.9986469149589539,"z":-0.04256591945886612,"w":0.029965637251734735},"size":0.9390832185745239,"orthographic":false}