{"cameraMode":{"drawMode":0,"name":"Shaded","section":"Shading Mode"},"sceneLighting":false,"audioPlay":false,"sceneViewState":{"m_AlwaysRefresh":false,"showFog":true,"showSkybox":false,"showFlares":true,"showImageEffects":true,"showParticleSystems":true,"showVisualEffectGraphs":true,"m_FxEnabled":false},"in2DMode":false,"pivot":{"x":-0.00010251998901367188,"y":0.2244887501001358,"z":-1.0905367136001588},"rotation":{"x":0.035581499338150027,"y":0.9643243551254273,"z":-0.17846639454364777,"w":0.19226384162902833},"size":0.29759809374809267,"orthographic":false}