{"cameraMode":{"drawMode":0,"name":"Shaded","section":"Shading Mode"},"sceneLighting":false,"audioPlay":false,"sceneViewState":{"m_AlwaysRefresh":false,"showFog":true,"showSkybox":false,"showFlares":true,"showImageEffects":true,"showParticleSystems":true,"showVisualEffectGraphs":true,"m_FxEnabled":false},"in2DMode":false,"pivot":{"x":0.0015159845352172852,"y":0.0024503679014742376,"z":0.0009708404541015625},"rotation":{"x":0.019603978842496873,"y":-0.9094835519790649,"z":0.4130406975746155,"w":0.04318113625049591},"size":0.3416844606399536,"orthographic":false}