{"cameraMode":{"drawMode":0,"name":"Shaded","section":"Shading Mode"},"sceneLighting":false,"audioPlay":false,"sceneViewState":{"m_AlwaysRefresh":false,"showFog":true,"showSkybox":false,"showFlares":true,"showImageEffects":true,"showParticleSystems":true,"showVisualEffectGraphs":true,"m_FxEnabled":false},"in2DMode":false,"pivot":{"x":6.51925802230835e-8,"y":0.009528093039989472,"z":-1.043081283569336e-7},"rotation":{"x":0.023815976455807687,"y":0.9416173696517944,"z":-0.3288510739803314,"w":0.06819413602352143},"size":0.02743961289525032,"orthographic":false}