{"cameraMode":{"drawMode":0,"name":"Shaded","section":"Shading Mode"},"sceneLighting":false,"audioPlay":false,"sceneViewState":{"m_AlwaysRefresh":false,"showFog":true,"showSkybox":false,"showFlares":true,"showImageEffects":true,"showParticleSystems":true,"showVisualEffectGraphs":true,"m_FxEnabled":false},"in2DMode":false,"pivot":{"x":-0.002904832363128662,"y":0.044399701058864596,"z":0.04453083872795105},"rotation":{"x":-0.000640661979559809,"y":-0.9960075616836548,"z":0.08897795528173447,"w":-0.0071754539385437969},"size":0.7784701585769653,"orthographic":false}