{"cameraMode":{"drawMode":0,"name":"Shaded","section":"Shading Mode"},"sceneLighting":true,"audioPlay":false,"sceneViewState":{"m_AlwaysRefresh":false,"showFog":true,"showSkybox":true,"showFlares":true,"showImageEffects":true,"showParticleSystems":true,"showVisualEffectGraphs":true,"m_FxEnabled":true},"in2DMode":false,"pivot":{"x":-1.3864637613296509,"y":13.703229904174805,"z":-34.92070770263672},"rotation":{"x":0.03149351105093956,"y":-0.0089954175055027,"z":0.00028344886959530413,"w":0.9994634389877319},"size":23.806127548217775,"orthographic":true}