{"cameraMode":{"drawMode":0,"name":"Shaded","section":"Shading Mode"},"sceneLighting":true,"audioPlay":false,"sceneViewState":{"m_AlwaysRefresh":false,"showFog":true,"showSkybox":true,"showFlares":true,"showImageEffects":true,"showParticleSystems":true,"showVisualEffectGraphs":true,"m_FxEnabled":false},"in2DMode":false,"pivot":{"x":-9.845229148864746,"y":44.99811553955078,"z":11.076926231384278},"rotation":{"x":-0.08438527584075928,"y":0.40929630398750307,"z":0.038051437586545947,"w":0.907698392868042},"size":0.36403608322143557,"orthographic":false}