{"cameraMode":{"drawMode":0,"name":"Shaded","section":"Shading Mode"},"sceneLighting":true,"audioPlay":false,"sceneViewState":{"m_AlwaysRefresh":false,"showFog":true,"showSkybox":true,"showFlares":true,"showImageEffects":true,"showParticleSystems":true,"showVisualEffectGraphs":true,"m_FxEnabled":true},"in2DMode":false,"pivot":{"x":0.7273627519607544,"y":-3.394435405731201,"z":13.708829879760743},"rotation":{"x":0.1577286422252655,"y":0.01599050685763359,"z":-0.002547534415498376,"w":0.9873623847961426},"size":12.12435531616211,"orthographic":false}