{"cameraMode":{"drawMode":0,"name":"Shaded","section":"Shading Mode"},"sceneLighting":true,"audioPlay":false,"sceneViewState":{"m_AlwaysRefresh":false,"showFog":true,"showSkybox":true,"showFlares":true,"showImageEffects":true,"showParticleSystems":true,"showVisualEffectGraphs":true,"m_FxEnabled":false},"in2DMode":false,"pivot":{"x":-0.23068907856941224,"y":0.8932581543922424,"z":-1.6658763885498047},"rotation":{"x":-0.04652515798807144,"y":0.9523802995681763,"z":-0.1884000450372696,"w":-0.2351885735988617},"size":0.8354222178459168,"orthographic":false}