{"cameraMode":{"drawMode":0,"name":"Shaded","section":"Shading Mode"},"sceneLighting":true,"audioPlay":false,"sceneViewState":{"m_AlwaysRefresh":false,"showFog":true,"showSkybox":true,"showFlares":true,"showImageEffects":true,"showParticleSystems":true,"showVisualEffectGraphs":true,"m_FxEnabled":false},"in2DMode":false,"pivot":{"x":-0.3054668605327606,"y":3.043163776397705,"z":0.22429174184799195},"rotation":{"x":-0.47555306553840639,"y":-0.15003561973571778,"z":-0.0826973170042038,"w":0.8628572821617127},"size":0.921428382396698,"orthographic":false}