{"cameraMode":{"drawMode":0,"name":"Shaded","section":"Shading Mode"},"sceneLighting":true,"audioPlay":false,"sceneViewState":{"m_AlwaysRefresh":false,"showFog":true,"showSkybox":true,"showFlares":true,"showImageEffects":true,"showParticleSystems":true,"showVisualEffectGraphs":true,"m_FxEnabled":false},"in2DMode":false,"pivot":{"x":1.8506441116333008,"y":1.3682656288146973,"z":-1.8543577194213868},"rotation":{"x":0.0018327961442992092,"y":0.9936807751655579,"z":-0.11105359345674515,"w":0.016393719241023065},"size":0.17320504784584046,"orthographic":false}