{"cameraMode":{"drawMode":0,"name":"Shaded","section":"Shading Mode"},"sceneLighting":true,"audioPlay":false,"sceneViewState":{"m_AlwaysRefresh":false,"showFog":true,"showSkybox":true,"showFlares":true,"showImageEffects":true,"showParticleSystems":true,"showVisualEffectGraphs":true,"m_FxEnabled":false},"in2DMode":false,"pivot":{"x":-1.0832083225250245,"y":-0.6699395179748535,"z":2.1680846214294435},"rotation":{"x":-0.27325525879859927,"y":0.11136365681886673,"z":-0.03186512365937233,"w":-0.9549468159675598},"size":2.755661964416504,"orthographic":false}