{"cameraMode":{"drawMode":0,"name":"Shaded","section":"Shading Mode"},"sceneLighting":true,"audioPlay":false,"sceneViewState":{"m_AlwaysRefresh":false,"showFog":true,"showSkybox":true,"showFlares":true,"showImageEffects":true,"showParticleSystems":true,"showVisualEffectGraphs":true,"m_FxEnabled":false},"in2DMode":false,"pivot":{"x":0.6906274557113648,"y":0.3604356050491333,"z":-1.0257388353347779},"rotation":{"x":-0.15520545840263368,"y":0.7018858194351196,"z":-0.16108663380146027,"w":-0.6762558817863464},"size":0.8660253882408142,"orthographic":false}