{"cameraMode":{"drawMode":0,"name":"Shaded","section":"Shading Mode"},"sceneLighting":true,"audioPlay":false,"sceneViewState":{"m_AlwaysRefresh":false,"showFog":true,"showSkybox":true,"showFlares":true,"showImageEffects":true,"showParticleSystems":true,"showVisualEffectGraphs":true,"m_FxEnabled":false},"in2DMode":false,"pivot":{"x":0.02206873893737793,"y":1.5529460906982422,"z":0.29259568452835085},"rotation":{"x":-0.060172900557518008,"y":0.8532804250717163,"z":-0.10106925666332245,"w":-0.5080127120018005},"size":1.008612871170044,"orthographic":false}