{"cameraMode":{"drawMode":0,"name":"Shaded","section":"Shading Mode"},"sceneLighting":true,"audioPlay":false,"sceneViewState":{"m_AlwaysRefresh":false,"showFog":true,"showSkybox":true,"showFlares":true,"showImageEffects":true,"showParticleSystems":true,"showVisualEffectGraphs":true,"m_FxEnabled":false},"in2DMode":false,"pivot":{"x":1.0359745025634766,"y":0.8558005094528198,"z":-1.2238001823425294},"rotation":{"x":-0.09555551409721375,"y":0.8886630535125732,"z":-0.3930201232433319,"w":-0.21606220304965974},"size":0.8660253882408142,"orthographic":false}