{"cameraMode":{"drawMode":0,"name":"Shaded","section":"Shading Mode"},"sceneLighting":true,"audioPlay":false,"sceneViewState":{"m_AlwaysRefresh":false,"showFog":true,"showSkybox":true,"showFlares":true,"showImageEffects":true,"showParticleSystems":true,"showVisualEffectGraphs":true,"m_FxEnabled":false},"in2DMode":false,"pivot":{"x":0.06944496184587479,"y":0.7871004939079285,"z":-0.48804813623428347},"rotation":{"x":0.149194598197937,"y":0.6568861603736877,"z":-0.13486707210540772,"w":0.7266745567321777},"size":0.12522512674331666,"orthographic":false}