{"cameraMode":{"drawMode":0,"name":"Shaded","section":"Shading Mode"},"sceneLighting":true,"audioPlay":false,"sceneViewState":{"m_AlwaysRefresh":false,"showFog":true,"showSkybox":true,"showFlares":true,"showImageEffects":true,"showParticleSystems":true,"showVisualEffectGraphs":true,"m_FxEnabled":false},"in2DMode":false,"pivot":{"x":-0.5096583962440491,"y":1.6704940795898438,"z":-2.639155387878418},"rotation":{"x":-0.19744893908500672,"y":0.03703866899013519,"z":-0.00746662775054574,"w":-0.9795886278152466},"size":0.20463377237319947,"orthographic":false}