{"cameraMode":{"drawMode":0,"name":"Shaded","section":"Shading Mode"},"sceneLighting":true,"audioPlay":false,"sceneViewState":{"m_AlwaysRefresh":false,"showFog":true,"showSkybox":true,"showFlares":true,"showImageEffects":true,"showParticleSystems":true,"showVisualEffectGraphs":true,"m_FxEnabled":false},"in2DMode":false,"pivot":{"x":8.894186019897461,"y":1.6450927257537842,"z":0.7209144830703735},"rotation":{"x":0.00048268132377415895,"y":-0.5961608290672302,"z":-0.0003595676098484546,"w":-0.8028703927993774},"size":6.014050483703613,"orthographic":false}