{"cameraMode":{"drawMode":0,"name":"Shaded","section":"Shading Mode"},"sceneLighting":true,"audioPlay":false,"sceneViewState":{"m_AlwaysRefresh":false,"showFog":true,"showSkybox":true,"showFlares":true,"showImageEffects":true,"showParticleSystems":true,"showVisualEffectGraphs":true,"m_FxEnabled":false},"in2DMode":false,"pivot":{"x":0.02090655267238617,"y":0.15047800540924073,"z":-0.10323357582092285},"rotation":{"x":0.019603978842496873,"y":-0.9094835519790649,"z":0.4130406975746155,"w":0.04318113625049591},"size":1.2499213218688965,"orthographic":false}