{"cameraMode":{"drawMode":0,"name":"Shaded","section":"Shading Mode"},"sceneLighting":true,"audioPlay":false,"sceneViewState":{"m_AlwaysRefresh":false,"showFog":true,"showSkybox":true,"showFlares":true,"showImageEffects":true,"showParticleSystems":true,"showVisualEffectGraphs":true,"m_FxEnabled":false},"in2DMode":false,"pivot":{"x":0.3920755982398987,"y":0.4602828025817871,"z":0.8173642158508301},"rotation":{"x":-0.2976301908493042,"y":-0.053558044135570529,"z":0.016720464453101159,"w":-0.9530400633811951},"size":1.2499213218688965,"orthographic":false}