{"cameraMode":{"drawMode":0,"name":"Shaded","section":"Shading Mode"},"sceneLighting":true,"audioPlay":false,"sceneViewState":{"m_AlwaysRefresh":false,"showFog":true,"showSkybox":true,"showFlares":true,"showImageEffects":true,"showParticleSystems":true,"showVisualEffectGraphs":true,"m_FxEnabled":false},"in2DMode":false,"pivot":{"x":-0.023025423288345338,"y":1.1098005771636963,"z":-1.9668002128601075},"rotation":{"x":-0.04687788709998131,"y":0.9520966410636902,"z":-0.18982839584350587,"w":-0.23511852324008943},"size":1.0095192193984986,"orthographic":false}