{"cameraMode":{"drawMode":0,"name":"Shaded","section":"Shading Mode"},"sceneLighting":true,"audioPlay":false,"sceneViewState":{"m_AlwaysRefresh":false,"showFog":true,"showSkybox":true,"showFlares":true,"showImageEffects":true,"showParticleSystems":true,"showVisualEffectGraphs":true,"m_FxEnabled":false},"in2DMode":false,"pivot":{"x":-10.289462089538575,"y":-3.654592514038086,"z":15.708833694458008},"rotation":{"x":0.10917864739894867,"y":-0.29527902603149416,"z":0.03399128466844559,"w":0.9485481977462769},"size":9.924891471862793,"orthographic":false}