{"cameraMode":{"drawMode":0,"name":"Shaded","section":"Shading Mode"},"sceneLighting":true,"audioPlay":false,"sceneViewState":{"m_AlwaysRefresh":false,"showFog":true,"showSkybox":true,"showFlares":true,"showImageEffects":true,"showParticleSystems":true,"showVisualEffectGraphs":true,"m_FxEnabled":false},"in2DMode":false,"pivot":{"x":-0.8001240491867065,"y":1.1636528968811036,"z":1.276287317276001},"rotation":{"x":0.12893444299697877,"y":0.605840265750885,"z":-0.10031747817993164,"w":0.778638482093811},"size":0.049921274185180667,"orthographic":false}