{"cameraMode":{"drawMode":0,"name":"Shaded","section":"Shading Mode"},"sceneLighting":true,"audioPlay":false,"sceneViewState":{"m_AlwaysRefresh":false,"showFog":true,"showSkybox":true,"showFlares":true,"showImageEffects":true,"showParticleSystems":true,"showVisualEffectGraphs":true,"m_FxEnabled":false},"in2DMode":false,"pivot":{"x":1.8380177021026612,"y":1.402237892150879,"z":-1.7909798622131348},"rotation":{"x":0.06975360214710236,"y":0.9215514063835144,"z":-0.19613058865070344,"w":0.3277466893196106},"size":0.17320504784584046,"orthographic":false}