{"cameraMode":{"drawMode":0,"name":"Shaded","section":"Shading Mode"},"sceneLighting":true,"audioPlay":false,"sceneViewState":{"m_AlwaysRefresh":false,"showFog":true,"showSkybox":true,"showFlares":true,"showImageEffects":true,"showParticleSystems":true,"showVisualEffectGraphs":true,"m_FxEnabled":false},"in2DMode":false,"pivot":{"x":-0.30154627561569216,"y":0.6976821422576904,"z":0.41235071420669558},"rotation":{"x":-0.5597388744354248,"y":-0.2785871922969818,"z":0.20725049078464509,"w":-0.7524186372756958},"size":1.0887503623962403,"orthographic":false}