{"cameraMode":{"drawMode":0,"name":"Shaded","section":"Shading Mode"},"sceneLighting":false,"audioPlay":false,"sceneViewState":{"m_AlwaysRefresh":false,"showFog":true,"showSkybox":false,"showFlares":true,"showImageEffects":true,"showParticleSystems":true,"showVisualEffectGraphs":true,"m_FxEnabled":false},"in2DMode":false,"pivot":{"x":0.0019838809967041017,"y":0.41469302773475649,"z":0.010805122554302216},"rotation":{"x":0.18985311686992646,"y":-0.29019856452941897,"z":0.05886068195104599,"w":0.9360993504524231},"size":0.621460497379303,"orthographic":false}