{"cameraMode":{"drawMode":0,"name":"Shaded","section":"Shading Mode"},"sceneLighting":false,"audioPlay":false,"sceneViewState":{"m_AlwaysRefresh":false,"showFog":true,"showSkybox":false,"showFlares":true,"showImageEffects":true,"showParticleSystems":true,"showVisualEffectGraphs":true,"m_FxEnabled":false},"in2DMode":false,"pivot":{"x":-0.00005128979682922363,"y":0.23812173306941987,"z":-0.0012813806533813477},"rotation":{"x":0.01807837001979351,"y":-0.9809756278991699,"z":0.11321355402469635,"w":0.1566818654537201},"size":0.6679152250289917,"orthographic":false}