{"cameraMode":{"drawMode":0,"name":"Shaded","section":"Shading Mode"},"sceneLighting":false,"audioPlay":false,"sceneViewState":{"m_AlwaysRefresh":false,"showFog":true,"showSkybox":false,"showFlares":true,"showImageEffects":true,"showParticleSystems":true,"showVisualEffectGraphs":true,"m_FxEnabled":false},"in2DMode":false,"pivot":{"x":-0.10699240863323212,"y":-0.01355232298374176,"z":-0.0257729385048151},"rotation":{"x":0.23699437081813813,"y":-0.6257377862930298,"z":0.2078590989112854,"w":0.7135128974914551},"size":0.14092615246772767,"orthographic":false}